{"stats":{"minecraft:custom":{"minecraft:mob_kills":38,"minecraft:interact_with_crafting_table":17,"minecraft:open_barrel":1,"minecraft:leave_game":8,"minecraft:time_since_death":89742,"minecraft:climb_one_cm":8488,"minecraft:sprint_one_cm":312271,"minecraft:walk_one_cm":414134,"minecraft:drop":29,"minecraft:talked_to_villager":7,"minecraft:play_time":182247,"minecraft:deaths":2,"minecraft:sneak_time":9468,"minecraft:walk_under_water_one_cm":20797,"minecraft:boat_one_cm":208876,"minecraft:jump":2313,"minecraft:walk_on_water_one_cm":33085,"minecraft:total_world_time":182247,"minecraft:interact_with_furnace":27,"minecraft:sleep_in_bed":2,"minecraft:time_since_rest":70575,"minecraft:damage_taken":3022,"minecraft:damage_absorbed":32,"minecraft:trigger_trapped_chest":2,"minecraft:damage_dealt":6842,"minecraft:swim_one_cm":60486,"minecraft:fly_one_cm":294136,"minecraft:player_kills":4,"minecraft:open_chest":36,"minecraft:crouch_one_cm":28702,"minecraft:fall_one_cm":62935},"minecraft:mined":{"minecraft:cut_sandstone_slab":4,"minecraft:white_bed":2,"minecraft:mossy_cobblestone":2,"minecraft:jungle_leaves":2,"minecraft:mangrove_roots":1,"minecraft:brewing_stand":1,"minecraft:budding_amethyst":100,"minecraft:acacia_log":3,"minecraft:grass_block":4,"minecraft:brown_mushroom_block":11,"minecraft:mangrove_propagule":1,"minecraft:sandstone":10,"minecraft:chiseled_stone_bricks":2,"minecraft:large_fern":3,"minecraft:furnace":3,"minecraft:barrel":1,"minecraft:iron_ore":12,"minecraft:turtle_egg":1,"minecraft:chiseled_sandstone":1,"minecraft:peony":1,"minecraft:gold_block":5,"minecraft:azure_bluet":1,"minecraft:enchanting_table":1,"minecraft:bell":1,"minecraft:bookshelf":24,"minecraft:vine":2,"minecraft:lantern":1,"minecraft:small_amethyst_bud":4,"minecraft:stone":46,"minecraft:iron_block":1,"minecraft:polished_granite_stairs":3,"minecraft:bone_block":104,"minecraft:cut_sandstone":7,"minecraft:kelp_plant":1,"minecraft:amethyst_cluster":2,"minecraft:orange_terracotta":2,"minecraft:dandelion":1,"minecraft:smooth_sandstone":2,"minecraft:crafting_table":12,"minecraft:torch":2,"minecraft:short_grass":19,"minecraft:mossy_cobblestone_wall":2,"minecraft:calcite":9,"minecraft:chest":1,"minecraft:rose_bush":3,"minecraft:dead_bush":3,"minecraft:lectern":8,"minecraft:campfire":1,"minecraft:mushroom_stem":4,"minecraft:brain_coral_fan":1,"minecraft:tall_grass":125,"minecraft:cobblestone":8,"minecraft:tube_coral_fan":1,"minecraft:cyan_bed":1,"minecraft:oak_planks":6,"minecraft:sugar_cane":5,"minecraft:wall_torch":2,"minecraft:amethyst_block":92,"minecraft:seagrass":1,"minecraft:red_terracotta":1,"minecraft:coarse_dirt":1,"minecraft:blue_terracotta":4,"minecraft:jungle_wood":26,"minecraft:cobblestone_wall":1,"minecraft:lapis_block":2,"minecraft:lilac":1,"minecraft:white_carpet":1,"minecraft:yellow_bed":1,"minecraft:tnt":1,"minecraft:mangrove_leaves":2,"minecraft:bee_nest":1,"minecraft:oak_log":1,"minecraft:coal_ore":21,"minecraft:beetroots":53,"minecraft:gravel":12,"minecraft:sand":5,"minecraft:dirt":23,"minecraft:sandstone_wall":2,"minecraft:cracked_stone_bricks":1,"minecraft:smooth_basalt":1,"minecraft:acacia_planks":5,"minecraft:mossy_stone_bricks":1,"minecraft:oak_leaves":9},"minecraft:killed_by":{"minecraft:enderman":1},"minecraft:killed":{"minecraft:armadillo":2,"minecraft:cave_spider":1,"minecraft:witch":1,"minecraft:spider":2,"minecraft:skeleton":1,"minecraft:chicken":2,"minecraft:silverfish":1,"minecraft:tropical_fish":1,"minecraft:pig":3,"minecraft:elder_guardian":1,"minecraft:creeper":1,"minecraft:sheep":5,"minecraft:zombie":3,"minecraft:villager":1,"minecraft:enderman":1,"minecraft:cow":11},"minecraft:dropped":{"minecraft:wheat_seeds":13,"minecraft:mossy_cobblestone":1,"minecraft:prismarine_crystals":1,"minecraft:cut_sandstone_slab":4,"minecraft:stick":11,"minecraft:dirt":1,"minecraft:cut_sandstone":7,"minecraft:cactus":6,"minecraft:iron_shovel":1,"minecraft:lily_pad":5,"minecraft:white_wool":2,"minecraft:chiseled_sandstone":1,"minecraft:gravel":3,"minecraft:blue_terracotta":3,"minecraft:mangrove_roots":1,"minecraft:stone_sword":1,"minecraft:rotten_flesh":2,"minecraft:cooked_mutton":2,"minecraft:red_terracotta":1,"minecraft:chiseled_stone_bricks":2,"minecraft:oak_sapling":4,"minecraft:beetroot_seeds":21,"minecraft:sandstone":2,"minecraft:arrow":3,"minecraft:wooden_pickaxe":1},"minecraft:used":{"minecraft:stone_sword":90,"minecraft:iron_shovel":22,"minecraft:flint_and_steel":8,"minecraft:bone_block":4,"minecraft:chest":1,"minecraft:spruce_planks":1,"minecraft:torch":45,"minecraft:dirt":8,"minecraft:jungle_planks":66,"minecraft:wooden_axe":38,"minecraft:beef":4,"minecraft:furnace":3,"minecraft:beetroot_seeds":46,"minecraft:cooked_beef":14,"minecraft:acacia_planks":26,"minecraft:cooked_mutton":6,"minecraft:amethyst_block":19,"minecraft:stone_pickaxe":180,"minecraft:wooden_pickaxe":49,"minecraft:sandstone":5,"minecraft:brown_mushroom":4,"minecraft:jungle_wood":1,"minecraft:golden_apple":1,"minecraft:sand":5,"minecraft:crafting_table":11,"minecraft:tnt":33,"minecraft:cod":2,"minecraft:white_bed":2,"minecraft:acacia_sign":3,"minecraft:bread":5,"minecraft:chicken":1,"minecraft:iron_pickaxe":249,"minecraft:gravel":8,"minecraft:stone_axe":191,"minecraft:jungle_sign":6,"minecraft:cobblestone":21,"minecraft:cooked_porkchop":6,"minecraft:yellow_bed":1,"minecraft:coarse_dirt":1},"minecraft:broken":{"minecraft:stone_pickaxe":1,"minecraft:stone_axe":1,"minecraft:iron_pickaxe":1},"minecraft:crafted":{"minecraft:furnace":1,"minecraft:cooked_mutton":6,"minecraft:flint_and_steel":1,"minecraft:stone_pickaxe":2,"minecraft:cooked_beef":14,"minecraft:cooked_porkchop":6,"minecraft:crafting_table":1,"minecraft:wooden_pickaxe":2,"minecraft:stone_axe":2,"minecraft:air":0,"minecraft:jungle_planks":100,"minecraft:acacia_sign":3,"minecraft:stick":40,"minecraft:iron_ingot":12,"minecraft:iron_pickaxe":1,"minecraft:wooden_axe":1,"minecraft:stone_sword":1,"minecraft:white_bed":1,"minecraft:acacia_planks":12,"minecraft:torch":64,"minecraft:jungle_sign":3},"minecraft:picked_up":{"minecraft:crafting_table":12,"minecraft:iron_chestplate":1,"minecraft:coarse_dirt":1,"minecraft:chicken":1,"minecraft:brown_mushroom":4,"minecraft:gold_block":5,"minecraft:brewing_stand":1,"minecraft:amethyst_block":86,"minecraft:lapis_block":2,"minecraft:iron_shovel":2,"minecraft:beetroot":29,"minecraft:mossy_cobblestone_wall":1,"minecraft:spruce_planks":1,"minecraft:beef":21,"minecraft:rose_bush":1,"minecraft:lectern":8,"minecraft:chest":1,"minecraft:sugar_cane":27,"minecraft:furnace":3,"minecraft:stick":6,"minecraft:raw_iron":12,"minecraft:sandstone":9,"minecraft:torch":6,"minecraft:acacia_log":3,"minecraft:porkchop":6,"minecraft:prismarine_crystals":1,"minecraft:jungle_sign":3,"minecraft:tnt":33,"minecraft:arrow":3,"minecraft:stone_sword":1,"minecraft:cactus":6,"minecraft:rotten_flesh":2,"minecraft:tropical_fish":1,"minecraft:beetroot_seeds":100,"minecraft:peony":1,"minecraft:iron_block":1,"minecraft:mangrove_roots":1,"minecraft:mutton":6,"minecraft:cod":7,"minecraft:bone_block":95,"minecraft:white_wool":5,"minecraft:cobblestone":53,"minecraft:enchanting_table":1,"minecraft:salmon":5,"minecraft:cut_sandstone":7,"minecraft:leather":19,"minecraft:jungle_wood":26,"minecraft:flint":1,"minecraft:lily_pad":5,"minecraft:cobblestone_wall":1,"minecraft:yellow_bed":1,"minecraft:dirt":9,"minecraft:cut_sandstone_slab":4,"minecraft:lantern":1,"minecraft:cooked_mutton":2,"minecraft:acacia_planks":35,"minecraft:wheat_seeds":14,"minecraft:bell":1,"minecraft:oak_planks":2,"minecraft:book":72,"minecraft:chiseled_stone_bricks":2,"minecraft:dandelion":2,"minecraft:gravel":11,"minecraft:sand":5,"minecraft:amethyst_shard":42,"minecraft:barrel":1,"minecraft:white_bed":2,"minecraft:grass_block":1,"minecraft:chiseled_sandstone":1,"minecraft:red_terracotta":1,"minecraft:mossy_cobblestone":1,"minecraft:blue_terracotta":3,"minecraft:golden_apple":1,"minecraft:oak_sapling":9,"minecraft:coal":21}},"DataVersion":3953}