{"stats":{"minecraft:custom":{"minecraft:mob_kills":33,"minecraft:interact_with_crafting_table":16,"minecraft:leave_game":3,"minecraft:time_since_death":39416,"minecraft:climb_one_cm":8488,"minecraft:sprint_one_cm":241045,"minecraft:walk_one_cm":271193,"minecraft:drop":17,"minecraft:play_time":131921,"minecraft:deaths":2,"minecraft:sneak_time":6862,"minecraft:walk_under_water_one_cm":18603,"minecraft:boat_one_cm":199341,"minecraft:jump":1744,"minecraft:walk_on_water_one_cm":27866,"minecraft:total_world_time":131921,"minecraft:interact_with_furnace":27,"minecraft:sleep_in_bed":2,"minecraft:time_since_rest":20249,"minecraft:damage_taken":2490,"minecraft:damage_absorbed":32,"minecraft:trigger_trapped_chest":2,"minecraft:damage_dealt":5176,"minecraft:swim_one_cm":59851,"minecraft:fly_one_cm":228837,"minecraft:player_kills":1,"minecraft:open_chest":3,"minecraft:crouch_one_cm":19862,"minecraft:fall_one_cm":49209},"minecraft:mined":{"minecraft:cut_sandstone_slab":4,"minecraft:white_bed":2,"minecraft:mossy_cobblestone":2,"minecraft:jungle_leaves":2,"minecraft:mangrove_roots":1,"minecraft:budding_amethyst":100,"minecraft:acacia_log":3,"minecraft:brown_mushroom_block":11,"minecraft:mangrove_propagule":1,"minecraft:sandstone":7,"minecraft:chiseled_stone_bricks":2,"minecraft:large_fern":2,"minecraft:furnace":3,"minecraft:iron_ore":12,"minecraft:turtle_egg":1,"minecraft:chiseled_sandstone":1,"minecraft:azure_bluet":1,"minecraft:enchanting_table":1,"minecraft:gold_block":5,"minecraft:bookshelf":24,"minecraft:vine":2,"minecraft:small_amethyst_bud":4,"minecraft:stone":45,"minecraft:iron_block":1,"minecraft:bone_block":104,"minecraft:cut_sandstone":7,"minecraft:kelp_plant":1,"minecraft:amethyst_cluster":2,"minecraft:orange_terracotta":2,"minecraft:smooth_sandstone":2,"minecraft:crafting_table":11,"minecraft:torch":2,"minecraft:short_grass":16,"minecraft:calcite":9,"minecraft:dead_bush":3,"minecraft:rose_bush":1,"minecraft:lectern":8,"minecraft:campfire":1,"minecraft:mushroom_stem":4,"minecraft:tall_grass":122,"minecraft:cobblestone":2,"minecraft:sugar_cane":5,"minecraft:amethyst_block":91,"minecraft:seagrass":1,"minecraft:red_terracotta":1,"minecraft:coarse_dirt":1,"minecraft:blue_terracotta":4,"minecraft:jungle_wood":26,"minecraft:lapis_block":2,"minecraft:mangrove_leaves":2,"minecraft:bee_nest":1,"minecraft:coal_ore":21,"minecraft:dirt":2,"minecraft:sand":5,"minecraft:sandstone_wall":2,"minecraft:cracked_stone_bricks":1,"minecraft:smooth_basalt":1,"minecraft:acacia_planks":5,"minecraft:mossy_stone_bricks":1,"minecraft:oak_leaves":9},"minecraft:killed_by":{"minecraft:enderman":1},"minecraft:killed":{"minecraft:armadillo":2,"minecraft:cave_spider":1,"minecraft:spider":1,"minecraft:skeleton":1,"minecraft:chicken":1,"minecraft:silverfish":1,"minecraft:tropical_fish":1,"minecraft:pig":3,"minecraft:elder_guardian":1,"minecraft:creeper":1,"minecraft:sheep":5,"minecraft:zombie":3,"minecraft:enderman":1,"minecraft:cow":10},"minecraft:dropped":{"minecraft:wheat_seeds":12,"minecraft:mossy_cobblestone":1,"minecraft:prismarine_crystals":1,"minecraft:cut_sandstone_slab":4,"minecraft:stick":11,"minecraft:cactus":6,"minecraft:lily_pad":5,"minecraft:chiseled_sandstone":1,"minecraft:blue_terracotta":3,"minecraft:stone_sword":1,"minecraft:rotten_flesh":2,"minecraft:cooked_mutton":2,"minecraft:red_terracotta":1,"minecraft:arrow":3,"minecraft:wooden_pickaxe":1},"minecraft:used":{"minecraft:stone_sword":66,"minecraft:bone_block":4,"minecraft:torch":43,"minecraft:dirt":2,"minecraft:jungle_planks":66,"minecraft:wooden_axe":38,"minecraft:beef":4,"minecraft:furnace":3,"minecraft:cooked_beef":14,"minecraft:acacia_planks":23,"minecraft:cooked_mutton":6,"minecraft:amethyst_block":2,"minecraft:stone_pickaxe":158,"minecraft:wooden_pickaxe":49,"minecraft:brown_mushroom":4,"minecraft:golden_apple":1,"minecraft:jungle_wood":1,"minecraft:sand":5,"minecraft:crafting_table":11,"minecraft:white_bed":2,"minecraft:acacia_sign":3,"minecraft:chicken":1,"minecraft:iron_pickaxe":249,"minecraft:stone_axe":171,"minecraft:jungle_sign":3,"minecraft:cooked_porkchop":3,"minecraft:coarse_dirt":1},"minecraft:broken":{"minecraft:stone_pickaxe":1,"minecraft:stone_axe":1,"minecraft:iron_pickaxe":1},"minecraft:crafted":{"minecraft:furnace":1,"minecraft:cooked_mutton":6,"minecraft:stone_pickaxe":2,"minecraft:cooked_beef":14,"minecraft:cooked_porkchop":6,"minecraft:crafting_table":1,"minecraft:wooden_pickaxe":2,"minecraft:stone_axe":2,"minecraft:air":0,"minecraft:jungle_planks":100,"minecraft:acacia_sign":3,"minecraft:stick":40,"minecraft:iron_ingot":12,"minecraft:iron_pickaxe":1,"minecraft:wooden_axe":1,"minecraft:stone_sword":1,"minecraft:white_bed":1,"minecraft:acacia_planks":12,"minecraft:torch":64,"minecraft:jungle_sign":3},"minecraft:picked_up":{"minecraft:coarse_dirt":1,"minecraft:iron_chestplate":1,"minecraft:crafting_table":12,"minecraft:chicken":1,"minecraft:brown_mushroom":4,"minecraft:gold_block":5,"minecraft:amethyst_block":85,"minecraft:lapis_block":2,"minecraft:beef":18,"minecraft:lectern":8,"minecraft:sugar_cane":27,"minecraft:furnace":3,"minecraft:raw_iron":12,"minecraft:stick":6,"minecraft:sandstone":5,"minecraft:torch":3,"minecraft:acacia_log":3,"minecraft:porkchop":6,"minecraft:prismarine_crystals":1,"minecraft:jungle_sign":3,"minecraft:stone_sword":1,"minecraft:arrow":3,"minecraft:cactus":6,"minecraft:rotten_flesh":2,"minecraft:iron_block":1,"minecraft:mangrove_roots":1,"minecraft:mutton":6,"minecraft:bone_block":95,"minecraft:white_wool":5,"minecraft:cobblestone":47,"minecraft:enchanting_table":1,"minecraft:cut_sandstone":6,"minecraft:leather":17,"minecraft:jungle_wood":26,"minecraft:lily_pad":5,"minecraft:cut_sandstone_slab":4,"minecraft:dirt":2,"minecraft:cooked_mutton":2,"minecraft:acacia_planks":35,"minecraft:wheat_seeds":12,"minecraft:book":72,"minecraft:chiseled_stone_bricks":2,"minecraft:sand":5,"minecraft:amethyst_shard":42,"minecraft:white_bed":2,"minecraft:grass_block":1,"minecraft:red_terracotta":1,"minecraft:chiseled_sandstone":1,"minecraft:mossy_cobblestone":1,"minecraft:blue_terracotta":3,"minecraft:golden_apple":1,"minecraft:coal":21}},"DataVersion":3953}