{"stats":{"minecraft:used":{"minecraft:peony":1,"minecraft:stone_sword":146,"minecraft:iron_shovel":251,"minecraft:flint_and_steel":8,"minecraft:bone_block":4,"minecraft:chest":1,"minecraft:spruce_planks":1,"minecraft:torch":49,"minecraft:dirt":22,"minecraft:jungle_planks":66,"minecraft:allium":3,"minecraft:snowball":64,"minecraft:wooden_axe":38,"minecraft:beef":4,"minecraft:furnace":3,"minecraft:beetroot_seeds":46,"minecraft:cooked_beef":14,"minecraft:acacia_planks":29,"minecraft:cooked_mutton":6,"minecraft:acacia_boat":1,"minecraft:amethyst_block":19,"minecraft:stone_pickaxe":262,"minecraft:wooden_pickaxe":49,"minecraft:sandstone":5,"minecraft:brown_mushroom":4,"minecraft:jungle_wood":1,"minecraft:golden_apple":1,"minecraft:sand":5,"minecraft:crafting_table":11,"minecraft:tnt":33,"minecraft:cod":2,"minecraft:white_bed":3,"minecraft:acacia_sign":3,"minecraft:bread":19,"minecraft:chicken":1,"minecraft:iron_pickaxe":262,"minecraft:gravel":8,"minecraft:stone_axe":232,"minecraft:jungle_sign":6,"minecraft:pink_petals":25,"minecraft:cobblestone":29,"minecraft:cooked_porkchop":6,"minecraft:yellow_bed":1,"minecraft:oak_boat":4,"minecraft:coarse_dirt":1},"minecraft:dropped":{"minecraft:bread":1,"minecraft:wheat_seeds":13,"minecraft:mossy_cobblestone":1,"minecraft:cobblestone":2,"minecraft:prismarine_crystals":1,"minecraft:cut_sandstone_slab":4,"minecraft:stick":11,"minecraft:dirt":1,"minecraft:cut_sandstone":7,"minecraft:cactus":6,"minecraft:iron_shovel":1,"minecraft:string":1,"minecraft:lily_pad":5,"minecraft:white_wool":2,"minecraft:chiseled_sandstone":1,"minecraft:gravel":3,"minecraft:blue_terracotta":3,"minecraft:stone_axe":1,"minecraft:mangrove_roots":1,"minecraft:stone_sword":1,"minecraft:rotten_flesh":4,"minecraft:cooked_mutton":2,"minecraft:red_terracotta":1,"minecraft:flint_and_steel":1,"minecraft:chiseled_stone_bricks":2,"minecraft:oak_sapling":4,"minecraft:beetroot_seeds":21,"minecraft:sandstone":2,"minecraft:arrow":3,"minecraft:wooden_pickaxe":1},"minecraft:broken":{"minecraft:iron_shovel":1,"minecraft:stone_sword":1,"minecraft:stone_pickaxe":2,"minecraft:stone_axe":1,"minecraft:iron_pickaxe":1},"minecraft:mined":{"minecraft:cut_sandstone_slab":4,"minecraft:white_bed":3,"minecraft:mossy_cobblestone":2,"minecraft:jungle_leaves":2,"minecraft:mangrove_roots":1,"minecraft:brewing_stand":1,"minecraft:granite":9,"minecraft:budding_amethyst":100,"minecraft:allium":5,"minecraft:acacia_log":3,"minecraft:grass_block":18,"minecraft:brown_mushroom_block":11,"minecraft:oxeye_daisy":1,"minecraft:mangrove_propagule":1,"minecraft:sandstone":10,"minecraft:chiseled_stone_bricks":2,"minecraft:large_fern":3,"minecraft:oak_trapdoor":1,"minecraft:furnace":3,"minecraft:iron_ore":12,"minecraft:barrel":1,"minecraft:turtle_egg":1,"minecraft:snow":4,"minecraft:chiseled_sandstone":1,"minecraft:andesite":1,"minecraft:azure_bluet":1,"minecraft:peony":5,"minecraft:gold_block":5,"minecraft:enchanting_table":1,"minecraft:bell":1,"minecraft:bookshelf":24,"minecraft:vine":2,"minecraft:small_amethyst_bud":4,"minecraft:lantern":1,"minecraft:packed_ice":12,"minecraft:stone":88,"minecraft:iron_block":1,"minecraft:polished_granite_stairs":3,"minecraft:bone_block":104,"minecraft:cut_sandstone":7,"minecraft:kelp_plant":1,"minecraft:snow_block":89,"minecraft:amethyst_cluster":2,"minecraft:orange_terracotta":2,"minecraft:dandelion":1,"minecraft:smooth_sandstone":2,"minecraft:crafting_table":12,"minecraft:torch":2,"minecraft:short_grass":36,"minecraft:poppy":1,"minecraft:calcite":9,"minecraft:mossy_cobblestone_wall":2,"minecraft:chest":1,"minecraft:rose_bush":3,"minecraft:dead_bush":3,"minecraft:lectern":8,"minecraft:campfire":1,"minecraft:mushroom_stem":4,"minecraft:brain_coral_fan":1,"minecraft:tall_grass":131,"minecraft:cobblestone":18,"minecraft:tube_coral_fan":1,"minecraft:cyan_bed":1,"minecraft:sugar_cane":8,"minecraft:oak_planks":6,"minecraft:wall_torch":2,"minecraft:amethyst_block":92,"minecraft:pink_petals":16,"minecraft:seagrass":1,"minecraft:red_terracotta":1,"minecraft:coarse_dirt":1,"minecraft:blue_terracotta":4,"minecraft:jungle_wood":26,"minecraft:cobblestone_wall":1,"minecraft:lapis_block":2,"minecraft:ice":2,"minecraft:lilac":2,"minecraft:white_carpet":1,"minecraft:tnt":1,"minecraft:mangrove_leaves":2,"minecraft:bee_nest":1,"minecraft:yellow_bed":1,"minecraft:coal_ore":21,"minecraft:oak_log":4,"minecraft:beetroots":53,"minecraft:sunflower":1,"minecraft:gravel":30,"minecraft:sand":5,"minecraft:dirt":150,"minecraft:sandstone_wall":2,"minecraft:cracked_stone_bricks":1,"minecraft:smooth_basalt":1,"minecraft:acacia_planks":13,"minecraft:mossy_stone_bricks":1,"minecraft:oak_leaves":21},"minecraft:killed_by":{"minecraft:enderman":1},"minecraft:killed":{"minecraft:armadillo":2,"minecraft:cave_spider":1,"minecraft:witch":1,"minecraft:spider":2,"minecraft:skeleton":1,"minecraft:chicken":2,"minecraft:silverfish":1,"minecraft:tropical_fish":1,"minecraft:wolf":1,"minecraft:pig":4,"minecraft:elder_guardian":1,"minecraft:creeper":1,"minecraft:polar_bear":1,"minecraft:sheep":5,"minecraft:zombie":5,"minecraft:stray":1,"minecraft:villager":2,"minecraft:enderman":1,"minecraft:cow":14},"minecraft:crafted":{"minecraft:oak_planks":12,"minecraft:furnace":1,"minecraft:cooked_mutton":6,"minecraft:flint_and_steel":1,"minecraft:stone_pickaxe":2,"minecraft:cooked_beef":14,"minecraft:cooked_porkchop":6,"minecraft:crafting_table":1,"minecraft:wooden_pickaxe":2,"minecraft:stone_axe":2,"minecraft:air":0,"minecraft:jungle_planks":100,"minecraft:oak_boat":1,"minecraft:acacia_sign":3,"minecraft:iron_ingot":12,"minecraft:stick":40,"minecraft:iron_pickaxe":1,"minecraft:wooden_axe":1,"minecraft:stone_sword":1,"minecraft:white_bed":1,"minecraft:acacia_planks":12,"minecraft:torch":64,"minecraft:jungle_sign":3},"minecraft:custom":{"minecraft:mob_kills":48,"minecraft:interact_with_crafting_table":22,"minecraft:open_barrel":1,"minecraft:leave_game":13,"minecraft:time_since_death":153592,"minecraft:climb_one_cm":9050,"minecraft:sprint_one_cm":410208,"minecraft:walk_one_cm":568852,"minecraft:drop":37,"minecraft:talked_to_villager":8,"minecraft:play_time":246097,"minecraft:deaths":2,"minecraft:sneak_time":10645,"minecraft:walk_under_water_one_cm":25297,"minecraft:boat_one_cm":514638,"minecraft:jump":2968,"minecraft:walk_on_water_one_cm":34880,"minecraft:total_world_time":246097,"minecraft:interact_with_furnace":27,"minecraft:sleep_in_bed":3,"minecraft:time_since_rest":48527,"minecraft:damage_taken":3593,"minecraft:damage_absorbed":32,"minecraft:trigger_trapped_chest":2,"minecraft:damage_dealt":9476,"minecraft:swim_one_cm":60486,"minecraft:fly_one_cm":420968,"minecraft:player_kills":7,"minecraft:open_chest":37,"minecraft:crouch_one_cm":31589,"minecraft:fall_one_cm":74097},"minecraft:picked_up":{"minecraft:crafting_table":12,"minecraft:iron_chestplate":1,"minecraft:coarse_dirt":1,"minecraft:allium":3,"minecraft:chicken":1,"minecraft:brown_mushroom":4,"minecraft:gold_block":5,"minecraft:brewing_stand":1,"minecraft:amethyst_block":86,"minecraft:lapis_block":2,"minecraft:string":1,"minecraft:iron_shovel":2,"minecraft:beetroot":29,"minecraft:spruce_planks":1,"minecraft:mossy_cobblestone_wall":1,"minecraft:beef":26,"minecraft:oak_boat":3,"minecraft:rose_bush":1,"minecraft:iron_pickaxe":1,"minecraft:lectern":8,"minecraft:chest":1,"minecraft:sugar_cane":27,"minecraft:furnace":3,"minecraft:stick":6,"minecraft:raw_iron":12,"minecraft:sandstone":9,"minecraft:torch":6,"minecraft:acacia_log":3,"minecraft:porkchop":9,"minecraft:prismarine_crystals":1,"minecraft:jungle_sign":3,"minecraft:tnt":33,"minecraft:stone_sword":1,"minecraft:arrow":3,"minecraft:cactus":6,"minecraft:rotten_flesh":4,"minecraft:tropical_fish":1,"minecraft:beetroot_seeds":100,"minecraft:peony":5,"minecraft:iron_block":1,"minecraft:mangrove_roots":1,"minecraft:mutton":6,"minecraft:bone_block":95,"minecraft:cod":7,"minecraft:snowball":168,"minecraft:white_wool":5,"minecraft:cobblestone":107,"minecraft:oxeye_daisy":1,"minecraft:enchanting_table":1,"minecraft:pink_petals":25,"minecraft:salmon":5,"minecraft:cut_sandstone":7,"minecraft:leather":19,"minecraft:jungle_wood":26,"minecraft:flint":1,"minecraft:oak_log":3,"minecraft:lily_pad":5,"minecraft:yellow_bed":2,"minecraft:cobblestone_wall":1,"minecraft:acacia_boat":1,"minecraft:dirt":149,"minecraft:cut_sandstone_slab":4,"minecraft:lantern":1,"minecraft:spawner":62,"minecraft:cooked_mutton":2,"minecraft:bone":2,"minecraft:acacia_planks":43,"minecraft:wheat_seeds":14,"minecraft:bell":1,"minecraft:oak_planks":2,"minecraft:book":72,"minecraft:chiseled_stone_bricks":2,"minecraft:dandelion":2,"minecraft:gravel":28,"minecraft:sand":5,"minecraft:amethyst_shard":42,"minecraft:white_bed":3,"minecraft:grass_block":1,"minecraft:red_terracotta":1,"minecraft:chiseled_sandstone":1,"minecraft:barrel":1,"minecraft:mossy_cobblestone":1,"minecraft:blue_terracotta":3,"minecraft:stone_axe":1,"minecraft:granite":15,"minecraft:golden_apple":1,"minecraft:oak_sapling":9,"minecraft:coal":21}},"DataVersion":3953}