{"stats":{"minecraft:custom":{"minecraft:mob_kills":32,"minecraft:interact_with_crafting_table":15,"minecraft:leave_game":4,"minecraft:time_since_death":3312,"minecraft:climb_one_cm":12396,"minecraft:sprint_one_cm":284188,"minecraft:walk_one_cm":211519,"minecraft:drop":79,"minecraft:talked_to_villager":3,"minecraft:play_time":188464,"minecraft:deaths":20,"minecraft:sneak_time":10226,"minecraft:walk_under_water_one_cm":11375,"minecraft:boat_one_cm":359749,"minecraft:jump":2976,"minecraft:walk_on_water_one_cm":12738,"minecraft:total_world_time":188464,"minecraft:interact_with_furnace":1,"minecraft:sleep_in_bed":4,"minecraft:time_since_rest":3346,"minecraft:damage_taken":7058,"minecraft:trigger_trapped_chest":8,"minecraft:damage_dealt":5326,"minecraft:swim_one_cm":15067,"minecraft:fly_one_cm":665519,"minecraft:open_chest":45,"minecraft:crouch_one_cm":26735,"minecraft:fall_one_cm":99436,"minecraft:inspect_dispenser":2},"minecraft:mined":{"minecraft:white_bed":5,"minecraft:pink_bed":1,"minecraft:budding_amethyst":4,"minecraft:acacia_log":11,"minecraft:grass_block":6,"minecraft:light_gray_bed":1,"minecraft:redstone_wire":10,"minecraft:red_sandstone_stairs":1,"minecraft:sandstone":12,"minecraft:spawner":2,"minecraft:large_fern":1,"minecraft:fire":1,"minecraft:small_amethyst_bud":2,"minecraft:stripped_acacia_log":1,"minecraft:stone":19,"minecraft:blue_orchid":1,"minecraft:bone_block":3,"minecraft:white_wool":1,"minecraft:cut_sandstone":9,"minecraft:acacia_leaves":3,"minecraft:glass_pane":1,"minecraft:amethyst_cluster":28,"minecraft:orange_terracotta":1,"minecraft:jungle_sign":3,"minecraft:smooth_sandstone":4,"minecraft:crafting_table":5,"minecraft:short_grass":14,"minecraft:calcite":12,"minecraft:poppy":1,"minecraft:chest":4,"minecraft:dead_bush":1,"minecraft:rose_bush":1,"minecraft:tall_grass":60,"minecraft:cobblestone":5,"minecraft:wall_torch":1,"minecraft:amethyst_block":14,"minecraft:red_terracotta":1,"minecraft:cactus":3,"minecraft:coarse_dirt":4,"minecraft:trapped_chest":2,"minecraft:blue_terracotta":4,"minecraft:tnt":33,"minecraft:bee_nest":1,"minecraft:sand":3,"minecraft:smooth_basalt":2,"minecraft:acacia_planks":10,"minecraft:cut_red_sandstone":1,"minecraft:oak_leaves":5,"minecraft:infested_stone":2},"minecraft:killed":{"minecraft:spider":3,"minecraft:skeleton":3,"minecraft:bee":1,"minecraft:silverfish":4,"minecraft:husk":3,"minecraft:sheep":3,"minecraft:zombie":8,"minecraft:villager":2,"minecraft:cow":5},"minecraft:killed_by":{"minecraft:player":5,"minecraft:silverfish":1,"minecraft:skeleton":1,"minecraft:witch":1,"minecraft:zombie":2,"minecraft:elder_guardian":3},"minecraft:used":{"minecraft:acacia_log":1,"minecraft:flint_and_steel":6,"minecraft:bone_block":12,"minecraft:ladder":84,"minecraft:spruce_planks":2,"minecraft:chest":2,"minecraft:sandstone_wall":2,"minecraft:rotten_flesh":2,"minecraft:torch":1,"minecraft:dirt":40,"minecraft:wooden_axe":93,"minecraft:iron_axe":35,"minecraft:smooth_sandstone":3,"minecraft:tropical_fish_spawn_egg":1,"minecraft:beef":2,"minecraft:acacia_planks":102,"minecraft:calcite":13,"minecraft:acacia_boat":5,"minecraft:cactus":6,"minecraft:wooden_pickaxe":61,"minecraft:sandstone":20,"minecraft:white_wool":1,"minecraft:mossy_cobblestone":1,"minecraft:sand":3,"minecraft:tnt":126,"minecraft:crafting_table":10,"minecraft:white_bed":5,"minecraft:chiseled_sandstone":1,"minecraft:bread":7,"minecraft:iron_pickaxe":152,"minecraft:gravel":3,"minecraft:lilac":1,"minecraft:cobblestone":45,"minecraft:coarse_dirt":5},"minecraft:dropped":{"minecraft:acacia_boat":1,"minecraft:wheat_seeds":7,"minecraft:tnt":32,"minecraft:diamond":6,"minecraft:prismarine_crystals":2,"minecraft:leather":5,"minecraft:golden_apple":1,"minecraft:cod":7,"minecraft:rose_bush":1,"minecraft:jungle_sign":3,"minecraft:sunflower":1,"minecraft:cactus":29,"minecraft:iron_shovel":1,"minecraft:lily_pad":30,"minecraft:acacia_planks":64,"minecraft:chiseled_sandstone":1,"minecraft:redstone":8,"minecraft:blue_terracotta":3,"minecraft:salmon":5,"minecraft:spruce_planks":1,"minecraft:iron_chestplate":1,"minecraft:spider_eye":2,"minecraft:arrow":1,"minecraft:blue_orchid":1,"minecraft:calcite":3},"minecraft:broken":{"minecraft:wooden_pickaxe":2,"minecraft:wooden_axe":2},"minecraft:crafted":{"minecraft:iron_axe":1,"minecraft:ladder":111,"minecraft:crafting_table":6,"minecraft:wooden_pickaxe":1,"minecraft:acacia_boat":2,"minecraft:iron_chestplate":1,"minecraft:stick":272,"minecraft:iron_pickaxe":1,"minecraft:wooden_axe":2,"minecraft:iron_shovel":1,"minecraft:white_bed":1,"minecraft:acacia_planks":304},"minecraft:picked_up":{"minecraft:crafting_table":5,"minecraft:coarse_dirt":5,"minecraft:ladder":5,"minecraft:prismarine_shard":2,"minecraft:wooden_pickaxe":1,"minecraft:enchanted_book":2,"minecraft:amethyst_block":20,"minecraft:oak_trapdoor":5,"minecraft:string":13,"minecraft:raw_copper":4,"minecraft:flint_and_steel":1,"minecraft:blue_orchid":1,"minecraft:beef":12,"minecraft:rose_bush":2,"minecraft:calcite":16,"minecraft:chest":4,"minecraft:sandstone":20,"minecraft:composter":1,"minecraft:acacia_log":12,"minecraft:sandstone_wall":2,"minecraft:redstone":8,"minecraft:prismarine_crystals":2,"minecraft:iron_horse_armor":2,"minecraft:jungle_sign":3,"minecraft:tnt":33,"minecraft:light_gray_bed":1,"minecraft:cactus":48,"minecraft:arrow":1,"minecraft:rotten_flesh":29,"minecraft:beetroot_seeds":4,"minecraft:gold_ingot":4,"minecraft:mutton":6,"minecraft:white_wool":4,"minecraft:bone_block":13,"minecraft:cobblestone":59,"minecraft:mossy_cobblestone_slab":1,"minecraft:lilac":1,"minecraft:cut_sandstone":13,"minecraft:leather":5,"minecraft:oak_log":9,"minecraft:lily_pad":39,"minecraft:yellow_bed":1,"minecraft:gunpowder":29,"minecraft:acacia_boat":5,"minecraft:dirt":119,"minecraft:smooth_sandstone":3,"minecraft:bone":40,"minecraft:stone_bricks":1,"minecraft:acacia_planks":42,"minecraft:wheat_seeds":8,"minecraft:iron_ingot":12,"minecraft:oak_planks":2,"minecraft:pink_bed":1,"minecraft:gravel":3,"minecraft:sand":24,"minecraft:amethyst_shard":84,"minecraft:white_bed":5,"minecraft:trapped_chest":2,"minecraft:chiseled_sandstone":2,"minecraft:spider_eye":4,"minecraft:mossy_cobblestone":1,"minecraft:stripped_acacia_log":1,"minecraft:blue_terracotta":3,"minecraft:diamond":9,"minecraft:golden_apple":1,"minecraft:bread":2,"minecraft:emerald":1,"minecraft:coal":7,"minecraft:sunflower":1}},"DataVersion":3953}