{"stats":{"minecraft:killed_by":{"minecraft:player":7,"minecraft:silverfish":1,"minecraft:skeleton":1,"minecraft:witch":1,"minecraft:zombie":2,"minecraft:elder_guardian":3},"minecraft:used":{"minecraft:acacia_log":1,"minecraft:flint_and_steel":6,"minecraft:ladder":89,"minecraft:bone_block":12,"minecraft:chest":2,"minecraft:spruce_planks":2,"minecraft:wooden_shovel":22,"minecraft:sandstone_wall":2,"minecraft:rotten_flesh":2,"minecraft:torch":2,"minecraft:dirt":40,"minecraft:snowball":12,"minecraft:wooden_axe":93,"minecraft:iron_axe":49,"minecraft:smooth_sandstone":3,"minecraft:spawner":2,"minecraft:tropical_fish_spawn_egg":1,"minecraft:snow":6,"minecraft:beef":2,"minecraft:acacia_planks":102,"minecraft:calcite":13,"minecraft:acacia_boat":6,"minecraft:oak_planks":19,"minecraft:cactus":6,"minecraft:wooden_pickaxe":61,"minecraft:sandstone":20,"minecraft:cherry_planks":2,"minecraft:white_wool":1,"minecraft:sand":3,"minecraft:mossy_cobblestone":1,"minecraft:oak_slab":26,"minecraft:tnt":126,"minecraft:crafting_table":12,"minecraft:white_bed":5,"minecraft:chiseled_sandstone":1,"minecraft:bread":12,"minecraft:iron_pickaxe":171,"minecraft:gravel":3,"minecraft:lilac":1,"minecraft:cobblestone":59,"minecraft:oak_boat":1,"minecraft:coarse_dirt":5},"minecraft:custom":{"minecraft:mob_kills":33,"minecraft:interact_with_crafting_table":19,"minecraft:leave_game":10,"minecraft:time_since_death":65149,"minecraft:climb_one_cm":13024,"minecraft:sprint_one_cm":330347,"minecraft:walk_one_cm":271978,"minecraft:drop":80,"minecraft:talked_to_villager":6,"minecraft:play_time":275162,"minecraft:deaths":22,"minecraft:sneak_time":10710,"minecraft:walk_under_water_one_cm":12459,"minecraft:boat_one_cm":580411,"minecraft:jump":3384,"minecraft:walk_on_water_one_cm":12829,"minecraft:total_world_time":275162,"minecraft:interact_with_furnace":1,"minecraft:sleep_in_bed":4,"minecraft:time_since_rest":65487,"minecraft:damage_taken":7891,"minecraft:trigger_trapped_chest":8,"minecraft:damage_dealt":5685,"minecraft:swim_one_cm":15133,"minecraft:fly_one_cm":771929,"minecraft:open_chest":45,"minecraft:crouch_one_cm":27897,"minecraft:fall_one_cm":108251,"minecraft:inspect_dispenser":2},"minecraft:mined":{"minecraft:white_bed":5,"minecraft:pink_bed":1,"minecraft:cherry_log":4,"minecraft:granite":7,"minecraft:budding_amethyst":4,"minecraft:acacia_log":11,"minecraft:grass_block":6,"minecraft:light_gray_bed":1,"minecraft:redstone_wire":10,"minecraft:red_sandstone_stairs":1,"minecraft:sandstone":12,"minecraft:spawner":4,"minecraft:large_fern":1,"minecraft:fire":1,"minecraft:small_amethyst_bud":2,"minecraft:stripped_acacia_log":1,"minecraft:packed_ice":1,"minecraft:stone":29,"minecraft:blue_orchid":1,"minecraft:bone_block":3,"minecraft:white_wool":1,"minecraft:oak_slab":2,"minecraft:cut_sandstone":9,"minecraft:acacia_leaves":3,"minecraft:glass_pane":1,"minecraft:snow_block":10,"minecraft:amethyst_cluster":28,"minecraft:orange_terracotta":1,"minecraft:jungle_sign":3,"minecraft:smooth_sandstone":4,"minecraft:crafting_table":5,"minecraft:short_grass":14,"minecraft:calcite":12,"minecraft:poppy":1,"minecraft:rose_bush":1,"minecraft:chest":4,"minecraft:dead_bush":1,"minecraft:tall_grass":60,"minecraft:cobblestone":5,"minecraft:oak_planks":3,"minecraft:wall_torch":1,"minecraft:amethyst_block":14,"minecraft:red_terracotta":1,"minecraft:cactus":3,"minecraft:coarse_dirt":4,"minecraft:trapped_chest":2,"minecraft:blue_terracotta":4,"minecraft:ice":6,"minecraft:tnt":33,"minecraft:bee_nest":1,"minecraft:sand":3,"minecraft:dirt":15,"minecraft:smooth_basalt":2,"minecraft:acacia_planks":10,"minecraft:cut_red_sandstone":1,"minecraft:oak_leaves":5,"minecraft:infested_stone":2},"minecraft:picked_up":{"minecraft:coarse_dirt":5,"minecraft:crafting_table":5,"minecraft:ladder":5,"minecraft:prismarine_shard":2,"minecraft:wooden_pickaxe":1,"minecraft:enchanted_book":2,"minecraft:amethyst_block":20,"minecraft:string":13,"minecraft:oak_trapdoor":10,"minecraft:iron_axe":1,"minecraft:raw_copper":8,"minecraft:flint_and_steel":2,"minecraft:blue_orchid":1,"minecraft:beef":22,"minecraft:oak_boat":1,"minecraft:rose_bush":2,"minecraft:calcite":16,"minecraft:iron_pickaxe":1,"minecraft:chest":4,"minecraft:sandstone":20,"minecraft:composter":2,"minecraft:torch":1,"minecraft:acacia_log":12,"minecraft:sandstone_wall":2,"minecraft:cherry_log":4,"minecraft:redstone":8,"minecraft:prismarine_crystals":2,"minecraft:iron_horse_armor":2,"minecraft:jungle_sign":3,"minecraft:tnt":33,"minecraft:cactus":48,"minecraft:arrow":1,"minecraft:light_gray_bed":2,"minecraft:rotten_flesh":52,"minecraft:beetroot_seeds":8,"minecraft:gold_ingot":4,"minecraft:mutton":12,"minecraft:white_wool":4,"minecraft:snowball":40,"minecraft:bone_block":13,"minecraft:cobblestone":69,"minecraft:pink_petals":7,"minecraft:mossy_cobblestone_slab":2,"minecraft:lilac":1,"minecraft:andesite":1,"minecraft:leather":5,"minecraft:cut_sandstone":13,"minecraft:lily_pad":39,"minecraft:oak_log":18,"minecraft:yellow_bed":1,"minecraft:gunpowder":29,"minecraft:acacia_boat":6,"minecraft:dirt":218,"minecraft:smooth_sandstone":3,"minecraft:bone":40,"minecraft:acacia_planks":42,"minecraft:apple":41,"minecraft:stone_bricks":2,"minecraft:wheat_seeds":9,"minecraft:iron_ingot":12,"minecraft:oak_planks":6,"minecraft:pink_bed":2,"minecraft:oak_slab":2,"minecraft:gravel":4,"minecraft:sand":24,"minecraft:amethyst_shard":84,"minecraft:white_bed":5,"minecraft:chiseled_sandstone":2,"minecraft:trapped_chest":2,"minecraft:spider_eye":4,"minecraft:mossy_cobblestone":1,"minecraft:stripped_acacia_log":1,"minecraft:blue_terracotta":3,"minecraft:diamond":9,"minecraft:granite":1,"minecraft:golden_apple":1,"minecraft:emerald":1,"minecraft:bread":25,"minecraft:coal":14,"minecraft:sunflower":1},"minecraft:dropped":{"minecraft:acacia_boat":1,"minecraft:wheat_seeds":7,"minecraft:tnt":32,"minecraft:diamond":6,"minecraft:prismarine_crystals":2,"minecraft:leather":5,"minecraft:golden_apple":1,"minecraft:cod":7,"minecraft:rose_bush":1,"minecraft:jungle_sign":3,"minecraft:sunflower":1,"minecraft:iron_pickaxe":1,"minecraft:cactus":29,"minecraft:iron_shovel":1,"minecraft:lily_pad":30,"minecraft:acacia_planks":64,"minecraft:chiseled_sandstone":1,"minecraft:redstone":8,"minecraft:blue_terracotta":3,"minecraft:salmon":5,"minecraft:spruce_planks":1,"minecraft:iron_chestplate":1,"minecraft:spider_eye":2,"minecraft:arrow":1,"minecraft:blue_orchid":1,"minecraft:calcite":3},"minecraft:killed":{"minecraft:spider":3,"minecraft:skeleton":4,"minecraft:bee":1,"minecraft:silverfish":4,"minecraft:husk":3,"minecraft:sheep":3,"minecraft:zombie":8,"minecraft:villager":2,"minecraft:cow":5},"minecraft:crafted":{"minecraft:cherry_planks":16,"minecraft:oak_planks":36,"minecraft:snow":6,"minecraft:iron_axe":1,"minecraft:ladder":111,"minecraft:oak_slab":24,"minecraft:wooden_shovel":1,"minecraft:crafting_table":7,"minecraft:wooden_pickaxe":1,"minecraft:acacia_boat":2,"minecraft:iron_chestplate":1,"minecraft:stick":276,"minecraft:iron_pickaxe":1,"minecraft:wooden_axe":2,"minecraft:snow_block":4,"minecraft:iron_shovel":1,"minecraft:white_bed":1,"minecraft:acacia_planks":304},"minecraft:broken":{"minecraft:wooden_pickaxe":2,"minecraft:wooden_axe":2}},"DataVersion":3953}