{"stats":{"minecraft:custom":{"minecraft:interact_with_furnace":1,"minecraft:mob_kills":25,"minecraft:interact_with_crafting_table":13,"minecraft:leave_game":2,"minecraft:time_since_death":27755,"minecraft:sleep_in_bed":3,"minecraft:climb_one_cm":12396,"minecraft:time_since_rest":13832,"minecraft:damage_taken":5447,"minecraft:sprint_one_cm":217546,"minecraft:walk_one_cm":146377,"minecraft:trigger_trapped_chest":8,"minecraft:drop":51,"minecraft:damage_dealt":4256,"minecraft:swim_one_cm":15067,"minecraft:fly_one_cm":540805,"minecraft:open_chest":17,"minecraft:crouch_one_cm":22839,"minecraft:play_time":126875,"minecraft:deaths":15,"minecraft:sneak_time":8586,"minecraft:walk_under_water_one_cm":10937,"minecraft:boat_one_cm":359749,"minecraft:jump":2198,"minecraft:walk_on_water_one_cm":12677,"minecraft:total_world_time":126875,"minecraft:fall_one_cm":75008},"minecraft:mined":{"minecraft:cut_sandstone":9,"minecraft:acacia_leaves":3,"minecraft:white_bed":5,"minecraft:amethyst_cluster":28,"minecraft:orange_terracotta":1,"minecraft:jungle_sign":3,"minecraft:smooth_sandstone":4,"minecraft:crafting_table":5,"minecraft:budding_amethyst":4,"minecraft:short_grass":11,"minecraft:grass_block":6,"minecraft:acacia_log":11,"minecraft:calcite":12,"minecraft:chest":4,"minecraft:dead_bush":1,"minecraft:redstone_wire":10,"minecraft:red_sandstone_stairs":1,"minecraft:tall_grass":59,"minecraft:cobblestone":1,"minecraft:sandstone":12,"minecraft:wall_torch":1,"minecraft:amethyst_block":14,"minecraft:spawner":2,"minecraft:cactus":3,"minecraft:red_terracotta":1,"minecraft:coarse_dirt":4,"minecraft:trapped_chest":2,"minecraft:blue_terracotta":4,"minecraft:bee_nest":1,"minecraft:tnt":32,"minecraft:small_amethyst_bud":2,"minecraft:sand":3,"minecraft:stripped_acacia_log":1,"minecraft:oak_leaves":5,"minecraft:smooth_basalt":2,"minecraft:acacia_planks":6,"minecraft:cut_red_sandstone":1,"minecraft:stone":19,"minecraft:bone_block":3,"minecraft:white_wool":1,"minecraft:infested_stone":2},"minecraft:killed_by":{"minecraft:player":1,"minecraft:silverfish":1,"minecraft:skeleton":1,"minecraft:zombie":2,"minecraft:elder_guardian":3},"minecraft:killed":{"minecraft:husk":3,"minecraft:spider":2,"minecraft:sheep":3,"minecraft:skeleton":3,"minecraft:zombie":4,"minecraft:bee":1,"minecraft:silverfish":4,"minecraft:cow":5},"minecraft:dropped":{"minecraft:acacia_boat":1,"minecraft:blue_terracotta":3,"minecraft:wheat_seeds":7,"minecraft:diamond":6,"minecraft:prismarine_crystals":2,"minecraft:leather":5,"minecraft:golden_apple":1,"minecraft:spruce_planks":1,"minecraft:iron_chestplate":1,"minecraft:rose_bush":1,"minecraft:arrow":1,"minecraft:spider_eye":2,"minecraft:jungle_sign":3,"minecraft:calcite":3,"minecraft:lily_pad":30,"minecraft:acacia_planks":64,"minecraft:redstone":8,"minecraft:chiseled_sandstone":1},"minecraft:used":{"minecraft:calcite":13,"minecraft:acacia_boat":4,"minecraft:acacia_log":1,"minecraft:ladder":84,"minecraft:cactus":6,"minecraft:spruce_planks":2,"minecraft:wooden_pickaxe":61,"minecraft:sandstone":20,"minecraft:sandstone_wall":2,"minecraft:rotten_flesh":2,"minecraft:white_wool":1,"minecraft:torch":1,"minecraft:mossy_cobblestone":1,"minecraft:dirt":15,"minecraft:sand":3,"minecraft:crafting_table":9,"minecraft:white_bed":5,"minecraft:wooden_axe":93,"minecraft:chiseled_sandstone":1,"minecraft:iron_axe":17,"minecraft:smooth_sandstone":3,"minecraft:iron_pickaxe":148,"minecraft:cobblestone":12,"minecraft:beef":2,"minecraft:coarse_dirt":5,"minecraft:acacia_planks":83},"minecraft:broken":{"minecraft:wooden_axe":2,"minecraft:wooden_pickaxe":2},"minecraft:crafted":{"minecraft:crafting_table":5,"minecraft:wooden_pickaxe":1,"minecraft:acacia_boat":1,"minecraft:iron_chestplate":1,"minecraft:iron_axe":1,"minecraft:ladder":111,"minecraft:stick":272,"minecraft:iron_pickaxe":1,"minecraft:wooden_axe":2,"minecraft:white_bed":1,"minecraft:acacia_planks":304},"minecraft:picked_up":{"minecraft:crafting_table":4,"minecraft:coarse_dirt":5,"minecraft:ladder":5,"minecraft:prismarine_shard":2,"minecraft:cut_sandstone":13,"minecraft:leather":5,"minecraft:wooden_pickaxe":1,"minecraft:enchanted_book":2,"minecraft:lily_pad":39,"minecraft:gunpowder":29,"minecraft:acacia_boat":5,"minecraft:amethyst_block":20,"minecraft:dirt":15,"minecraft:string":13,"minecraft:smooth_sandstone":3,"minecraft:bone":40,"minecraft:acacia_planks":38,"minecraft:wheat_seeds":7,"minecraft:iron_ingot":12,"minecraft:beef":12,"minecraft:rose_bush":1,"minecraft:calcite":16,"minecraft:chest":4,"minecraft:sandstone":20,"minecraft:acacia_log":12,"minecraft:sandstone_wall":2,"minecraft:sand":24,"minecraft:amethyst_shard":84,"minecraft:white_bed":5,"minecraft:redstone":8,"minecraft:iron_horse_armor":2,"minecraft:trapped_chest":2,"minecraft:chiseled_sandstone":2,"minecraft:prismarine_crystals":2,"minecraft:spider_eye":4,"minecraft:mossy_cobblestone":1,"minecraft:jungle_sign":3,"minecraft:tnt":32,"minecraft:stripped_acacia_log":1,"minecraft:cactus":20,"minecraft:arrow":1,"minecraft:blue_terracotta":3,"minecraft:rotten_flesh":27,"minecraft:diamond":9,"minecraft:emerald":1,"minecraft:golden_apple":1,"minecraft:gold_ingot":4,"minecraft:bread":1,"minecraft:mutton":6,"minecraft:white_wool":4,"minecraft:bone_block":13,"minecraft:cobblestone":34}},"DataVersion":3953}